"No.","Time","Source","Destination","Protocol","Length","Source BD_ADDR","BD_ADDR","Data","Info"
"181","1.528000","controller","host","HCI_EVT","59","","Apple_e5:84:66","071901242014aab731000435c4d2e5cb681f16bb13084560d0c502","Rcvd LE Meta (LE Extended Advertising Report)"
"189","1.540000","controller","host","HCI_EVT","59","","Apple_e5:84:66","071901242014aab731000435c4d2e5cb681f16bb13084560d0c502","Rcvd LE Meta (LE Extended Advertising Report)"
"232","1.809000","controller","host","HCI_EVT","59","","Apple_e5:84:66","071901242075aab71100040ae19348f062bdf47639b4972aecc940","Rcvd LE Meta (LE Extended Advertising Report)"
"233","1.812000","controller","host","HCI_EVT","59","","Apple_e5:84:66","071901242015aab731000458efa451a62dc890cf68312a1fbaaf4b","Rcvd LE Meta (LE Extended Advertising Report)"
"376","2.107000","controller","host","HCI_EVT","59","","Apple_e5:84:66","071901242075aab7110004c37f2722cda272ee3c8dc19c0fc68001","Rcvd LE Meta (LE Extended Advertising Report)"
"385","2.133000","controller","host","HCI_EVT","59","","Apple_e5:84:66","071901242015aab73100040782eea8e0e9b56031a96b3ce316b3e4","Rcvd LE Meta (LE Extended Advertising Report)"
"637","3.059000","controller","host","HCI_EVT","59","","Apple_e5:84:66","071901242015aab731000485a0b211f6a8693d81e000bee43f7016","Rcvd LE Meta (LE Extended Advertising Report)"
"663","3.311000","controller","host","HCI_EVT","59","","Apple_e5:84:66","071901242015aab731000485a0b211f6a8693d81e000bee43f7016","Rcvd LE Meta (LE Extended Advertising Report)"
"671","3.334000","controller","host","HCI_EVT","59","","Apple_e5:84:66","071901242015aab731000485a0b211f6a8693d81e000bee43f7016","Rcvd LE Meta (LE Extended Advertising Report)"
"677","3.356000","controller","host","HCI_EVT","59","","Apple_e5:84:66","071901242015aab731000485a0b211f6a8693d81e000bee43f7016","Rcvd LE Meta (LE Extended Advertising Report)"
"696","3.629000","controller","host","HCI_EVT","59","","Apple_e5:84:66","071901242015aab731000485a0b211f6a8693d81e000bee43f7016","Rcvd LE Meta (LE Extended Advertising Report)"
"730","4.200000","controller","host","HCI_EVT","59","","Apple_e5:84:66","071901242015aab731000485a0b211f6a8693d81e000bee43f7016","Rcvd LE Meta (LE Extended Advertising Report)"
"735","4.208000","controller","host","HCI_EVT","59","","Apple_e5:84:66","071901242075aab7110004979a88fd0be07979d481f264af2a7367","Rcvd LE Meta (LE Extended Advertising Report)"
"746","4.494000","controller","host","HCI_EVT","59","","Apple_e5:84:66","071901242015aab731000485a0b211f6a8693d81e000bee43f7016","Rcvd LE Meta (LE Extended Advertising Report)"
"755","4.517000","controller","host","HCI_EVT","59","","Apple_e5:84:66","071901242075aab7110004979a88fd0be07979d481f264af2a7367","Rcvd LE Meta (LE Extended Advertising Report)"
"758","4.520000","controller","host","HCI_EVT","59","","Apple_e5:84:66","071901242015aab731000485a0b211f6a8693d81e000bee43f7016","Rcvd LE Meta (LE Extended Advertising Report)"
"767","4.799000","controller","host","HCI_EVT","59","","Apple_e5:84:66","071901242075aab7110004979a88fd0be07979d481f264af2a7367","Rcvd LE Meta (LE Extended Advertising Report)"
"781","4.828000","controller","host","HCI_EVT","59","","Apple_e5:84:66","071901242075aab7110004979a88fd0be07979d481f264af2a7367","Rcvd LE Meta (LE Extended Advertising Report)"
"785","4.833000","controller","host","HCI_EVT","59","","Apple_e5:84:66","071901242015aab731000485a0b211f6a8693d81e000bee43f7016","Rcvd LE Meta (LE Extended Advertising Report)"
"798","5.106000","controller","host","HCI_EVT","59","","Apple_e5:84:66","071901242075aab7110004979a88fd0be07979d481f264af2a7367","Rcvd LE Meta (LE Extended Advertising Report)"
"805","5.123000","controller","host","HCI_EVT","59","","Apple_e5:84:66","071901242015aab731000485a0b211f6a8693d81e000bee43f7016","Rcvd LE Meta (LE Extended Advertising Report)"
"811","5.395000","controller","host","HCI_EVT","59","","Apple_e5:84:66","071901242015aab731000485a0b211f6a8693d81e000bee43f7016","Rcvd LE Meta (LE Extended Advertising Report)"
"843","5.719000","controller","host","HCI_EVT","59","","Apple_e5:84:66","071901242015aab731000485a0b211f6a8693d81e000bee43f7016","Rcvd LE Meta (LE Extended Advertising Report)"
"848","5.753000","controller","host","HCI_EVT","59","","Apple_e5:84:66","071901242075aab7110004979a88fd0be07979d481f264af2a7367","Rcvd LE Meta (LE Extended Advertising Report)"
"859","6.001000","controller","host","HCI_EVT","59","","Apple_e5:84:66","071901242075aab7110004979a88fd0be07979d481f264af2a7367","Rcvd LE Meta (LE Extended Advertising Report)"
"885","6.299000","controller","host","HCI_EVT","59","","Apple_e5:84:66","071901242075aab7110004979a88fd0be07979d481f264af2a7367","Rcvd LE Meta (LE Extended Advertising Report)"
"888","6.311000","controller","host","HCI_EVT","59","","Apple_e5:84:66","071901242015aab731000485a0b211f6a8693d81e000bee43f7016","Rcvd LE Meta (LE Extended Advertising Report)"
"898","6.334000","controller","host","HCI_EVT","59","","Apple_e5:84:66","071901242015aab731000485a0b211f6a8693d81e000bee43f7016","Rcvd LE Meta (LE Extended Advertising Report)"
"912","6.357000","controller","host","HCI_EVT","59","","Apple_e5:84:66","071901242015aab731000485a0b211f6a8693d81e000bee43f7016","Rcvd LE Meta (LE Extended Advertising Report)"
"927","6.626000","controller","host","HCI_EVT","59","","Apple_e5:84:66","071901242075aab71100045e465ac6f0d4885847753b2de4b0ab2c","Rcvd LE Meta (LE Extended Advertising Report)"
"937","6.894000","controller","host","HCI_EVT","59","","Apple_e5:84:66","071901242015aab7310004fe98ab482b186418b359e6677a84c74e","Rcvd LE Meta (LE Extended Advertising Report)"
"958","6.958000","controller","host","HCI_EVT","59","","Apple_e5:84:66","071901242075aab71100045e465ac6f0d4885847753b2de4b0ab2c","Rcvd LE Meta (LE Extended Advertising Report)"
"967","7.208000","controller","host","HCI_EVT","59","","Apple_e5:84:66","071901242075aab71100045e465ac6f0d4885847753b2de4b0ab2c","Rcvd LE Meta (LE Extended Advertising Report)"
"974","7.229000","controller","host","HCI_EVT","59","","Apple_e5:84:66","071901242015aab7310004fe98ab482b186418b359e6677a84c74e","Rcvd LE Meta (LE Extended Advertising Report)"
"991","7.512000","controller","host","HCI_EVT","59","","Apple_e5:84:66","071901242075aab71100045e465ac6f0d4885847753b2de4b0ab2c","Rcvd LE Meta (LE Extended Advertising Report)"
"1001","7.793000","controller","host","HCI_EVT","59","","Apple_e5:84:66","071901242075aab71100045e465ac6f0d4885847753b2de4b0ab2c","Rcvd LE Meta (LE Extended Advertising Report)"
"1039","8.127000","controller","host","HCI_EVT","59","","Apple_e5:84:66","071901242075aab71100045e465ac6f0d4885847753b2de4b0ab2c","Rcvd LE Meta (LE Extended Advertising Report)"
"1058","8.399000","controller","host","HCI_EVT","59","","Apple_e5:84:66","071901242075aab71100045e465ac6f0d4885847753b2de4b0ab2c","Rcvd LE Meta (LE Extended Advertising Report)"
"1062","8.409000","controller","host","HCI_EVT","59","","Apple_e5:84:66","071901242015aab7310004fe98ab482b186418b359e6677a84c74e","Rcvd LE Meta (LE Extended Advertising Report)"
"1108","8.997000","controller","host","HCI_EVT","59","","Apple_e5:84:66","071901242015aab7310004fe98ab482b186418b359e6677a84c74e","Rcvd LE Meta (LE Extended Advertising Report)"
"1119","9.053000","controller","host","HCI_EVT","59","","Apple_e5:84:66","071901242075aab71100045e465ac6f0d4885847753b2de4b0ab2c","Rcvd LE Meta (LE Extended Advertising Report)"
"1130","9.307000","controller","host","HCI_EVT","59","","Apple_e5:84:66","071901242015aab7310004fe98ab482b186418b359e6677a84c74e","Rcvd LE Meta (LE Extended Advertising Report)"
"1141","9.323000","controller","host","HCI_EVT","59","","Apple_e5:84:66","071901242075aab71100045e465ac6f0d4885847753b2de4b0ab2c","Rcvd LE Meta (LE Extended Advertising Report)"
"1142","9.328000","controller","host","HCI_EVT","59","","Apple_e5:84:66","071901242015aab7310004fe98ab482b186418b359e6677a84c74e","Rcvd LE Meta (LE Extended Advertising Report)"
"1147","9.353000","controller","host","HCI_EVT","59","","Apple_e5:84:66","071901242015aab7310004fe98ab482b186418b359e6677a84c74e","Rcvd LE Meta (LE Extended Advertising Report)"
"1167","9.630000","controller","host","HCI_EVT","59","","Apple_e5:84:66","071901242015aab7310004fe98ab482b186418b359e6677a84c74e","Rcvd LE Meta (LE Extended Advertising Report)"
"1175","9.658000","controller","host","HCI_EVT","59","","Apple_e5:84:66","071901242015aab7310004fe98ab482b186418b359e6677a84c74e","Rcvd LE Meta (LE Extended Advertising Report)"
"1176","9.660000","controller","host","HCI_EVT","59","","Apple_e5:84:66","071901242075aab71100045e465ac6f0d4885847753b2de4b0ab2c","Rcvd LE Meta (LE Extended Advertising Report)"
"1189","9.916000","controller","host","HCI_EVT","59","","Apple_e5:84:66","071901242075aab71100045e465ac6f0d4885847753b2de4b0ab2c","Rcvd LE Meta (LE Extended Advertising Report)"
"1229","10.531000","controller","host","HCI_EVT","59","","Apple_e5:84:66","071901242015aab73100047d2df72bd5a172236fc124541e7bea2d","Rcvd LE Meta (LE Extended Advertising Report)"
"1253","10.831000","controller","host","HCI_EVT","59","","Apple_e5:84:66","071901242075aab7110004323c2ca368d6750faa7737ac5e2ea047","Rcvd LE Meta (LE Extended Advertising Report)"
"1319","11.757000","controller","host","HCI_EVT","59","","Apple_e5:84:66","071901242075aab7110004323c2ca368d6750faa7737ac5e2ea047","Rcvd LE Meta (LE Extended Advertising Report)"
"1359","12.311000","controller","host","HCI_EVT","59","","Apple_e5:84:66","071901242075aab7110004323c2ca368d6750faa7737ac5e2ea047","Rcvd LE Meta (LE Extended Advertising Report)"
"1553","14.732000","controller","host","HCI_EVT","59","","Apple_e5:84:66","071901242075aab7110004323c2ca368d6750faa7737ac5e2ea047","Rcvd LE Meta (LE Extended Advertising Report)"
"1604","15.358000","controller","host","HCI_EVT","59","","Apple_e5:84:66","071901242015aab73100047d2df72bd5a172236fc124541e7bea2d","Rcvd LE Meta (LE Extended Advertising Report)"
"1740","17.407000","controller","host","HCI_EVT","59","","Apple_e5:84:66","071901242015aab73100047d2df72bd5a172236fc124541e7bea2d","Rcvd LE Meta (LE Extended Advertising Report)"
"1809","18.332000","controller","host","HCI_EVT","59","","Apple_e5:84:66","071901242015aab73100047d2df72bd5a172236fc124541e7bea2d","Rcvd LE Meta (LE Extended Advertising Report)"
"1913","19.582000","controller","host","HCI_EVT","59","","Apple_e5:84:66","071901242075aab7110004323c2ca368d6750faa7737ac5e2ea047","Rcvd LE Meta (LE Extended Advertising Report)"
"2020","21.301000","controller","host","HCI_EVT","59","","Apple_e5:84:66","071901242015aab73100047d2df72bd5a172236fc124541e7bea2d","Rcvd LE Meta (LE Extended Advertising Report)"
"2044","21.625000","controller","host","HCI_EVT","59","","Apple_e5:84:66","071901242075aab7110004323c2ca368d6750faa7737ac5e2ea047","Rcvd LE Meta (LE Extended Advertising Report)"
"2337","25.222000","controller","host","HCI_EVT","59","","Apple_e5:84:66","071901242015aab7310004cedf489dfdc1dc706d95cc16e6bcf54d","Rcvd LE Meta (LE Extended Advertising Report)"
"2346","25.492000","controller","host","HCI_EVT","59","","Apple_e5:84:66","071901242075aab7110004da7fdeaaebd08019cbf82476b6baeaa6","Rcvd LE Meta (LE Extended Advertising Report)"
"2414","26.152000","controller","host","HCI_EVT","59","","Apple_e5:84:66","071901242015aab7310004cedf489dfdc1dc706d95cc16e6bcf54d","Rcvd LE Meta (LE Extended Advertising Report)"
"2449","26.716000","controller","host","HCI_EVT","59","","Apple_e5:84:66","071901242015aab7310004cedf489dfdc1dc706d95cc16e6bcf54d","Rcvd LE Meta (LE Extended Advertising Report)"
"2537","27.908000","controller","host","HCI_EVT","59","","Apple_e5:84:66","071901242075aab7110004da7fdeaaebd08019cbf82476b6baeaa6","Rcvd LE Meta (LE Extended Advertising Report)"
"2625","28.852000","controller","host","HCI_EVT","59","","Apple_e5:84:66","071901242075aab7110004da7fdeaaebd08019cbf82476b6baeaa6","Rcvd LE Meta (LE Extended Advertising Report)"
"2655","29.408000","controller","host","HCI_EVT","59","","Apple_e5:84:66","071901242075aab7110004da7fdeaaebd08019cbf82476b6baeaa6","Rcvd LE Meta (LE Extended Advertising Report)"
"2673","29.699000","controller","host","HCI_EVT","59","","Apple_e5:84:66","071901242015aab7310004cedf489dfdc1dc706d95cc16e6bcf54d","Rcvd LE Meta (LE Extended Advertising Report)"
"2741","30.334000","controller","host","HCI_EVT","59","","Apple_e5:84:66","071901242075aab7110004da7fdeaaebd08019cbf82476b6baeaa6","Rcvd LE Meta (LE Extended Advertising Report)"
"2771","30.893000","controller","host","HCI_EVT","59","","Apple_e5:84:66","071901242075aab7110004da7fdeaaebd08019cbf82476b6baeaa6","Rcvd LE Meta (LE Extended Advertising Report)"
"2900","32.711000","controller","host","HCI_EVT","59","","Apple_e5:84:66","071901242075aab71100040dd0bfb152bdf06ec74ef853dc83775b","Rcvd LE Meta (LE Extended Advertising Report)"
"3011","34.197000","controller","host","HCI_EVT","59","","Apple_e5:84:66","071901242075aab71100040dd0bfb152bdf06ec74ef853dc83775b","Rcvd LE Meta (LE Extended Advertising Report)"
"3103","35.419000","controller","host","HCI_EVT","59","","Apple_e5:84:66","071901242015aab73100049376829d1e8eb8d4cbf68b7858d15497","Rcvd LE Meta (LE Extended Advertising Report)"
"3152","36.051000","controller","host","HCI_EVT","59","","Apple_e5:84:66","071901242075aab71100040dd0bfb152bdf06ec74ef853dc83775b","Rcvd LE Meta (LE Extended Advertising Report)"
"3184","36.351000","controller","host","HCI_EVT","59","","Apple_e5:84:66","071901242015aab73100049376829d1e8eb8d4cbf68b7858d15497","Rcvd LE Meta (LE Extended Advertising Report)"
"3290","38.098000","controller","host","HCI_EVT","59","","Apple_e5:84:66","071901242075aab71100040dd0bfb152bdf06ec74ef853dc83775b","Rcvd LE Meta (LE Extended Advertising Report)"
"3616","39.333000","controller","host","HCI_EVT","59","","Apple_e5:84:66","071901242075aab711000480ab46654bbe765a5ed7dbe7632ce0de","Rcvd LE Meta (LE Extended Advertising Report)"
"3623","39.349000","controller","host","HCI_EVT","59","","Apple_e5:84:66","071901242015aab731000409cb31dfac43b900cc04cef0058904bf","Rcvd LE Meta (LE Extended Advertising Report)"
"3722","39.705000","controller","host","HCI_EVT","59","","Apple_e5:84:66","071901242075aab711000480ab46654bbe765a5ed7dbe7632ce0de","Rcvd LE Meta (LE Extended Advertising Report)"
"3724","39.716000","controller","host","HCI_EVT","59","","Apple_e5:84:66","071901242015aab731000409cb31dfac43b900cc04cef0058904bf","Rcvd LE Meta (LE Extended Advertising Report)"
"3776","39.904000","controller","host","HCI_EVT","59","","Apple_e5:84:66","071901242015aab731000409cb31dfac43b900cc04cef0058904bf","Rcvd LE Meta (LE Extended Advertising Report)"
"3828","40.074000","controller","host","HCI_EVT","59","","Apple_e5:84:66","071901242075aab711000480ab46654bbe765a5ed7dbe7632ce0de","Rcvd LE Meta (LE Extended Advertising Report)"
"4043","40.820000","controller","host","HCI_EVT","59","","Apple_e5:84:66","071901242075aab711000480ab46654bbe765a5ed7dbe7632ce0de","Rcvd LE Meta (LE Extended Advertising Report)"
"4096","41.012000","controller","host","HCI_EVT","59","","Apple_e5:84:66","071901242075aab711000480ab46654bbe765a5ed7dbe7632ce0de","Rcvd LE Meta (LE Extended Advertising Report)"
"4302","41.762000","controller","host","HCI_EVT","59","","Apple_e5:84:66","071901242075aab711000480ab46654bbe765a5ed7dbe7632ce0de","Rcvd LE Meta (LE Extended Advertising Report)"
"4341","41.942000","controller","host","HCI_EVT","59","","Apple_e5:84:66","071901242015aab731000409cb31dfac43b900cc04cef0058904bf","Rcvd LE Meta (LE Extended Advertising Report)"
"4342","41.945000","controller","host","HCI_EVT","59","","Apple_e5:84:66","071901242075aab711000480ab46654bbe765a5ed7dbe7632ce0de","Rcvd LE Meta (LE Extended Advertising Report)"
"4492","42.505000","controller","host","HCI_EVT","59","","Apple_e5:84:66","071901242015aab731000409cb31dfac43b900cc04cef0058904bf","Rcvd LE Meta (LE Extended Advertising Report)"
"4493","42.505000","controller","host","HCI_EVT","59","","Apple_e5:84:66","071901242075aab711000480ab46654bbe765a5ed7dbe7632ce0de","Rcvd LE Meta (LE Extended Advertising Report)"
"4545","42.692000","controller","host","HCI_EVT","59","","Apple_e5:84:66","071901242015aab731000409cb31dfac43b900cc04cef0058904bf","Rcvd LE Meta (LE Extended Advertising Report)"
"4664","43.062000","controller","host","HCI_EVT","59","","Apple_e5:84:66","071901242075aab711000480ab46654bbe765a5ed7dbe7632ce0de","Rcvd LE Meta (LE Extended Advertising Report)"
"4819","43.632000","controller","host","HCI_EVT","59","","Apple_e5:84:66","071901242015aab731000409cb31dfac43b900cc04cef0058904bf","Rcvd LE Meta (LE Extended Advertising Report)"
"4915","43.896000","controller","host","HCI_EVT","59","","Apple_e5:84:66","071901242015aab73100048e16db92452f6dcc5684461a433130f0","Rcvd LE Meta (LE Extended Advertising Report)"
"5078","44.446000","controller","host","HCI_EVT","59","","Apple_e5:84:66","071901242015aab73100048e16db92452f6dcc5684461a433130f0","Rcvd LE Meta (LE Extended Advertising Report)"
"5095","44.488000","controller","host","HCI_EVT","59","","Apple_e5:84:66","071901242075aab7110004feb42f480fa120fa6e51a0e5c2f429be","Rcvd LE Meta (LE Extended Advertising Report)"
"5178","44.823000","controller","host","HCI_EVT","59","","Apple_e5:84:66","071901242015aab73100048e16db92452f6dcc5684461a433130f0","Rcvd LE Meta (LE Extended Advertising Report)"
"5240","45.048000","controller","host","HCI_EVT","59","","Apple_e5:84:66","071901242075aab7110004feb42f480fa120fa6e51a0e5c2f429be","Rcvd LE Meta (LE Extended Advertising Report)"
"5325","45.208000","controller","host","HCI_EVT","59","","Apple_e5:84:66","071901242015aab73100048e16db92452f6dcc5684461a433130f0","Rcvd LE Meta (LE Extended Advertising Report)"
"5338","45.231000","controller","host","HCI_EVT","59","","Apple_e5:84:66","071901242075aab7110004feb42f480fa120fa6e51a0e5c2f429be","Rcvd LE Meta (LE Extended Advertising Report)"
"5469","45.762000","controller","host","HCI_EVT","59","","Apple_e5:84:66","071901242015aab73100048e16db92452f6dcc5684461a433130f0","Rcvd LE Meta (LE Extended Advertising Report)"
"5532","45.986000","controller","host","HCI_EVT","59","","Apple_e5:84:66","071901242075aab7110004feb42f480fa120fa6e51a0e5c2f429be","Rcvd LE Meta (LE Extended Advertising Report)"
"5591","46.166000","controller","host","HCI_EVT","59","","Apple_e5:84:66","071901242075aab7110004feb42f480fa120fa6e51a0e5c2f429be","Rcvd LE Meta (LE Extended Advertising Report)"
"5689","46.543000","controller","host","HCI_EVT","59","","Apple_e5:84:66","071901242075aab7110004feb42f480fa120fa6e51a0e5c2f429be","Rcvd LE Meta (LE Extended Advertising Report)"
"5749","46.694000","controller","host","HCI_EVT","59","","Apple_e5:84:66","071901242015aab73100048e16db92452f6dcc5684461a433130f0","Rcvd LE Meta (LE Extended Advertising Report)"
"5758","46.733000","controller","host","HCI_EVT","59","","Apple_e5:84:66","071901242075aab7110004feb42f480fa120fa6e51a0e5c2f429be","Rcvd LE Meta (LE Extended Advertising Report)"
"6119","47.989000","controller","host","HCI_EVT","59","","Apple_e5:84:66","071901242015aab73100048e16db92452f6dcc5684461a433130f0","Rcvd LE Meta (LE Extended Advertising Report)"
"6295","48.544000","controller","host","HCI_EVT","59","","Apple_e5:84:66","071901242015aab73100048e16db92452f6dcc5684461a433130f0","Rcvd LE Meta (LE Extended Advertising Report)"
"6567","49.465000","controller","host","HCI_EVT","59","","Apple_e5:84:66","071901242015aab73100048e16db92452f6dcc5684461a433130f0","Rcvd LE Meta (LE Extended Advertising Report)"
"6742","50.016000","controller","host","HCI_EVT","59","","Apple_e5:84:66","071901242015aab73100048e16db92452f6dcc5684461a433130f0","Rcvd LE Meta (LE Extended Advertising Report)"
"6947","50.644000","controller","host","HCI_EVT","59","","Apple_e5:84:66","071901242075aab7110004feb42f480fa120fa6e51a0e5c2f429be","Rcvd LE Meta (LE Extended Advertising Report)"
"7029","50.942000","controller","host","HCI_EVT","59","","Apple_e5:84:66","071901242015aab73100048e16db92452f6dcc5684461a433130f0","Rcvd LE Meta (LE Extended Advertising Report)"
"7049","51.015000","controller","host","HCI_EVT","59","","Apple_e5:84:66","071901242075aab7110004feb42f480fa120fa6e51a0e5c2f429be","Rcvd LE Meta (LE Extended Advertising Report)"
"7077","51.133000","controller","host","HCI_EVT","59","","Apple_e5:84:66","071901242015aab73100048e16db92452f6dcc5684461a433130f0","Rcvd LE Meta (LE Extended Advertising Report)"
"7132","51.326000","controller","host","HCI_EVT","59","","Apple_e5:84:66","071901242015aab73100048e16db92452f6dcc5684461a433130f0","Rcvd LE Meta (LE Extended Advertising Report)"
"7477","52.437000","controller","host","HCI_EVT","59","","Apple_e5:84:66","071901242015aab73100048e16db92452f6dcc5684461a433130f0","Rcvd LE Meta (LE Extended Advertising Report)"
"7503","52.516000","controller","host","HCI_EVT","59","","Apple_e5:84:66","071901242075aab7110004feb42f480fa120fa6e51a0e5c2f429be","Rcvd LE Meta (LE Extended Advertising Report)"
"7560","52.701000","controller","host","HCI_EVT","59","","Apple_e5:84:66","071901242075aab7110004feb42f480fa120fa6e51a0e5c2f429be","Rcvd LE Meta (LE Extended Advertising Report)"
"7631","52.887000","controller","host","HCI_EVT","59","","Apple_e5:84:66","071901242075aab7110004feb42f480fa120fa6e51a0e5c2f429be","Rcvd LE Meta (LE Extended Advertising Report)"
"7674","53.072000","controller","host","HCI_EVT","59","","Apple_e5:84:66","071901242075aab7110004feb42f480fa120fa6e51a0e5c2f429be","Rcvd LE Meta (LE Extended Advertising Report)"
"7726","53.259000","controller","host","HCI_EVT","59","","Apple_e5:84:66","071901242075aab7110004feb42f480fa120fa6e51a0e5c2f429be","Rcvd LE Meta (LE Extended Advertising Report)"
"7755","53.357000","controller","host","HCI_EVT","59","","Apple_e5:84:66","071901242015aab73100048e16db92452f6dcc5684461a433130f0","Rcvd LE Meta (LE Extended Advertising Report)"
"7845","53.550000","controller","host","HCI_EVT","59","","Apple_e5:84:66","071901242015aab73100048e16db92452f6dcc5684461a433130f0","Rcvd LE Meta (LE Extended Advertising Report)"
"7863","53.634000","controller","host","HCI_EVT","59","","Apple_e5:84:66","071901242075aab7110004feb42f480fa120fa6e51a0e5c2f429be","Rcvd LE Meta (LE Extended Advertising Report)"
"7895","53.738000","controller","host","HCI_EVT","59","","Apple_e5:84:66","071901242015aab73100048e16db92452f6dcc5684461a433130f0","Rcvd LE Meta (LE Extended Advertising Report)"
"7908","54.001000","controller","host","HCI_EVT","59","","Apple_e5:84:66","071901242075aab7110004feb42f480fa120fa6e51a0e5c2f429be","Rcvd LE Meta (LE Extended Advertising Report)"
"7948","54.305000","controller","host","HCI_EVT","59","","Apple_e5:84:66","071901242015aab73100048e16db92452f6dcc5684461a433130f0","Rcvd LE Meta (LE Extended Advertising Report)"
"8004","54.937000","controller","host","HCI_EVT","59","","Apple_e5:84:66","071901242075aab7110004feb42f480fa120fa6e51a0e5c2f429be","Rcvd LE Meta (LE Extended Advertising Report)"
"8106","55.785000","controller","host","HCI_EVT","59","","Apple_e5:84:66","071901242015aab73100048e16db92452f6dcc5684461a433130f0","Rcvd LE Meta (LE Extended Advertising Report)"
"8144","56.428000","controller","host","HCI_EVT","59","","Apple_e5:84:66","071901242075aab7110004feb42f480fa120fa6e51a0e5c2f429be","Rcvd LE Meta (LE Extended Advertising Report)"
"8168","56.709000","controller","host","HCI_EVT","59","","Apple_e5:84:66","071901242015aab73100048e16db92452f6dcc5684461a433130f0","Rcvd LE Meta (LE Extended Advertising Report)"
"8436","59.402000","controller","host","HCI_EVT","59","","Apple_e5:84:66","071901242075aab7110004feb42f480fa120fa6e51a0e5c2f429be","Rcvd LE Meta (LE Extended Advertising Report)"
"8454","59.693000","controller","host","HCI_EVT","59","","Apple_e5:84:66","071901242015aab73100048e16db92452f6dcc5684461a433130f0","Rcvd LE Meta (LE Extended Advertising Report)"
"8505","59.966000","controller","host","HCI_EVT","59","","Apple_e5:84:66","071901242075aab7110004feb42f480fa120fa6e51a0e5c2f429be","Rcvd LE Meta (LE Extended Advertising Report)"
"8523","60.253000","controller","host","HCI_EVT","59","","Apple_e5:84:66","071901242015aab73100048e16db92452f6dcc5684461a433130f0","Rcvd LE Meta (LE Extended Advertising Report)"
"8583","60.898000","controller","host","HCI_EVT","59","","Apple_e5:84:66","071901242075aab7110004feb42f480fa120fa6e51a0e5c2f429be","Rcvd LE Meta (LE Extended Advertising Report)"
"8601","61.184000","controller","host","HCI_EVT","59","","Apple_e5:84:66","071901242015aab73100048e16db92452f6dcc5684461a433130f0","Rcvd LE Meta (LE Extended Advertising Report)"
"8666","62.071000","controller","host","HCI_EVT","59","","Apple_e5:84:66","071901242015aab7310004da5c91eccd2e4bea13ccd8e27f07f084","Rcvd LE Meta (LE Extended Advertising Report)"
"8816","63.364000","controller","host","HCI_EVT","59","","Apple_e5:84:66","071901242075aab711000486a012900a892b072ba061e9b94253b4","Rcvd LE Meta (LE Extended Advertising Report)"
"8821","63.374000","controller","host","HCI_EVT","59","","Apple_e5:84:66","071901242015aab7310004da5c91eccd2e4bea13ccd8e27f07f084","Rcvd LE Meta (LE Extended Advertising Report)"
"8961","64.870000","controller","host","HCI_EVT","59","","Apple_e5:84:66","071901242015aab7310004da5c91eccd2e4bea13ccd8e27f07f084","Rcvd LE Meta (LE Extended Advertising Report)"
"9126","66.166000","controller","host","HCI_EVT","59","","Apple_e5:84:66","071901242075aab711000486a012900a892b072ba061e9b94253b4","Rcvd LE Meta (LE Extended Advertising Report)"
"9199","67.096000","controller","host","HCI_EVT","59","","Apple_e5:84:66","071901242075aab711000486a012900a892b072ba061e9b94253b4","Rcvd LE Meta (LE Extended Advertising Report)"
"9410","70.631000","controller","host","HCI_EVT","59","","Apple_e5:84:66","071901242075aab711000486a012900a892b072ba061e9b94253b4","Rcvd LE Meta (LE Extended Advertising Report)"
"9417","70.653000","controller","host","HCI_EVT","59","","Apple_e5:84:66","071901242015aab7310004da5c91eccd2e4bea13ccd8e27f07f084","Rcvd LE Meta (LE Extended Advertising Report)"
"9481","71.574000","controller","host","HCI_EVT","59","","Apple_e5:84:66","071901242075aab711000486a012900a892b072ba061e9b94253b4","Rcvd LE Meta (LE Extended Advertising Report)"
"9510","72.145000","controller","host","HCI_EVT","59","","Apple_e5:84:66","071901242015aab7310004da5c91eccd2e4bea13ccd8e27f07f084","Rcvd LE Meta (LE Extended Advertising Report)"
"9559","72.492000","controller","host","HCI_EVT","59","","Apple_e5:84:66","071901242075aab711000486a012900a892b072ba061e9b94253b4","Rcvd LE Meta (LE Extended Advertising Report)"
"9590","73.053000","controller","host","HCI_EVT","59","","Apple_e5:84:66","071901242075aab711000486a012900a892b072ba061e9b94253b4","Rcvd LE Meta (LE Extended Advertising Report)"
"9659","73.996000","controller","host","HCI_EVT","59","","Apple_e5:84:66","071901242075aab711000486a012900a892b072ba061e9b94253b4","Rcvd LE Meta (LE Extended Advertising Report)"
"9940","78.140000","controller","host","HCI_EVT","59","","Apple_e5:84:66","071901242015aab7310004da5c91eccd2e4bea13ccd8e27f07f084","Rcvd LE Meta (LE Extended Advertising Report)"
"10051","79.394000","controller","host","HCI_EVT","59","","Apple_e5:84:66","071901242075aab711000486a012900a892b072ba061e9b94253b4","Rcvd LE Meta (LE Extended Advertising Report)"
"10084","79.997000","controller","host","HCI_EVT","59","","Apple_e5:84:66","071901242015aab7310004da5c91eccd2e4bea13ccd8e27f07f084","Rcvd LE Meta (LE Extended Advertising Report)"
"10166","81.259000","controller","host","HCI_EVT","59","","Apple_e5:84:66","071901242075aab711000486a012900a892b072ba061e9b94253b4","Rcvd LE Meta (LE Extended Advertising Report)"
"10273","82.770000","controller","host","HCI_EVT","59","","Apple_e5:84:66","071901242015aab7310004da5c91eccd2e4bea13ccd8e27f07f084","Rcvd LE Meta (LE Extended Advertising Report)"
"10294","83.094000","controller","host","HCI_EVT","59","","Apple_e5:84:66","071901242075aab711000486a012900a892b072ba061e9b94253b4","Rcvd LE Meta (LE Extended Advertising Report)"
"10358","84.255000","controller","host","HCI_EVT","59","","Apple_e5:84:66","071901242015aab7310004da5c91eccd2e4bea13ccd8e27f07f084","Rcvd LE Meta (LE Extended Advertising Report)"
"10389","84.588000","controller","host","HCI_EVT","59","","Apple_e5:84:66","071901242075aab7110004e9fbad25dee2a8c3b023679fc54ad498","Rcvd LE Meta (LE Extended Advertising Report)"
"10407","84.905000","controller","host","HCI_EVT","59","","Apple_e5:84:66","071901242015aab73100046a8b711e60255b31b7e07911c6bc019b","Rcvd LE Meta (LE Extended Advertising Report)"
"10475","86.058000","controller","host","HCI_EVT","59","","Apple_e5:84:66","071901242075aab7110004e9fbad25dee2a8c3b023679fc54ad498","Rcvd LE Meta (LE Extended Advertising Report)"
"10526","86.963000","controller","host","HCI_EVT","59","","Apple_e5:84:66","071901242015aab73100046a8b711e60255b31b7e07911c6bc019b","Rcvd LE Meta (LE Extended Advertising Report)"
"10722","89.386000","controller","host","HCI_EVT","59","","Apple_e5:84:66","071901242075aab7110004e9fbad25dee2a8c3b023679fc54ad498","Rcvd LE Meta (LE Extended Advertising Report)"
"10934","91.819000","controller","host","HCI_EVT","59","","Apple_e5:84:66","071901242075aab7110004e9fbad25dee2a8c3b023679fc54ad498","Rcvd LE Meta (LE Extended Advertising Report)"
"10954","92.362000","controller","host","HCI_EVT","59","","Apple_e5:84:66","071901242075aab7110004e9fbad25dee2a8c3b023679fc54ad498","Rcvd LE Meta (LE Extended Advertising Report)"
"11072","93.854000","controller","host","HCI_EVT","59","","Apple_e5:84:66","071901242015aab73100046a8b711e60255b31b7e07911c6bc019b","Rcvd LE Meta (LE Extended Advertising Report)"
"11252","96.846000","controller","host","HCI_EVT","59","","Apple_e5:84:66","071901242015aab73100046a8b711e60255b31b7e07911c6bc019b","Rcvd LE Meta (LE Extended Advertising Report)"
"11295","97.207000","controller","host","HCI_EVT","59","","Apple_e5:84:66","071901242075aab7110004e9fbad25dee2a8c3b023679fc54ad498","Rcvd LE Meta (LE Extended Advertising Report)"
"11296","97.207000","controller","host","HCI_EVT","59","","Apple_e5:84:66","071901242075aab7110004e9fbad25dee2a8c3b023679fc54ad498","Rcvd LE Meta (LE Extended Advertising Report)"
"11401","98.694000","controller","host","HCI_EVT","59","","Apple_e5:84:66","071901242015aab73100046a8b711e60255b31b7e07911c6bc019b","Rcvd LE Meta (LE Extended Advertising Report)"
"11424","99.255000","controller","host","HCI_EVT","59","","Apple_e5:84:66","071901242075aab7110004e9fbad25dee2a8c3b023679fc54ad498","Rcvd LE Meta (LE Extended Advertising Report)"
"11452","99.612000","controller","host","HCI_EVT","59","","Apple_e5:84:66","071901242015aab73100046a8b711e60255b31b7e07911c6bc019b","Rcvd LE Meta (LE Extended Advertising Report)"
"11546","100.737000","controller","host","HCI_EVT","59","","Apple_e5:84:66","071901242075aab7110004e9fbad25dee2a8c3b023679fc54ad498","Rcvd LE Meta (LE Extended Advertising Report)"
"11611","101.659000","controller","host","HCI_EVT","59","","Apple_e5:84:66","071901242015aab73100046a8b711e60255b31b7e07911c6bc019b","Rcvd LE Meta (LE Extended Advertising Report)"
"11614","101.675000","controller","host","HCI_EVT","59","","Apple_e5:84:66","071901242075aab7110004e9fbad25dee2a8c3b023679fc54ad498","Rcvd LE Meta (LE Extended Advertising Report)"
"11664","102.597000","controller","host","HCI_EVT","59","","Apple_e5:84:66","071901242015aab73100046a8b711e60255b31b7e07911c6bc019b","Rcvd LE Meta (LE Extended Advertising Report)"
"11665","102.597000","controller","host","HCI_EVT","59","","Apple_e5:84:66","071901242075aab7110004e9fbad25dee2a8c3b023679fc54ad498","Rcvd LE Meta (LE Extended Advertising Report)"
"11707","103.168000","controller","host","HCI_EVT","59","","Apple_e5:84:66","071901242075aab7110004e9fbad25dee2a8c3b023679fc54ad498","Rcvd LE Meta (LE Extended Advertising Report)"
"11798","104.080000","controller","host","HCI_EVT","59","","Apple_e5:84:66","071901242015aab73100046a8b711e60255b31b7e07911c6bc019b","Rcvd LE Meta (LE Extended Advertising Report)"
"11815","104.642000","controller","host","HCI_EVT","59","","Apple_e5:84:66","071901242075aab7110004e9fbad25dee2a8c3b023679fc54ad498","Rcvd LE Meta (LE Extended Advertising Report)"
"12002","107.043000","controller","host","HCI_EVT","59","","Apple_e5:84:66","071901242015aab73100046a8b711e60255b31b7e07911c6bc019b","Rcvd LE Meta (LE Extended Advertising Report)"
"12410","113.366000","controller","host","HCI_EVT","59","","Apple_e5:84:66","071901242015aab73100046a8b711e60255b31b7e07911c6bc019b","Rcvd LE Meta (LE Extended Advertising Report)"
"12472","113.993000","controller","host","HCI_EVT","59","","Apple_e5:84:66","071901242075aab7110004e9fbad25dee2a8c3b023679fc54ad498","Rcvd LE Meta (LE Extended Advertising Report)"
"12473","113.993000","controller","host","HCI_EVT","59","","Apple_e5:84:66","071901242075aab7110004e9fbad25dee2a8c3b023679fc54ad498","Rcvd LE Meta (LE Extended Advertising Report)"
"12500","114.293000","controller","host","HCI_EVT","59","","Apple_e5:84:66","071901242015aab73100046a8b711e60255b31b7e07911c6bc019b","Rcvd LE Meta (LE Extended Advertising Report)"
"12524","114.851000","controller","host","HCI_EVT","59","","Apple_e5:84:66","071901242015aab73100046a8b711e60255b31b7e07911c6bc019b","Rcvd LE Meta (LE Extended Advertising Report)"
"12571","115.778000","controller","host","HCI_EVT","59","","Apple_e5:84:66","071901242015aab73100046a8b711e60255b31b7e07911c6bc019b","Rcvd LE Meta (LE Extended Advertising Report)"
"12631","116.977000","controller","host","HCI_EVT","59","","Apple_e5:84:66","071901242075aab7110004e9fbad25dee2a8c3b023679fc54ad498","Rcvd LE Meta (LE Extended Advertising Report)"
"12647","117.260000","controller","host","HCI_EVT","59","","Apple_e5:84:66","071901242015aab73100046a8b711e60255b31b7e07911c6bc019b","Rcvd LE Meta (LE Extended Advertising Report)"
"12720","118.477000","controller","host","HCI_EVT","59","","Apple_e5:84:66","071901242075aab7110004e9fbad25dee2a8c3b023679fc54ad498","Rcvd LE Meta (LE Extended Advertising Report)"
"12726","118.744000","controller","host","HCI_EVT","59","","Apple_e5:84:66","071901242015aab73100046a8b711e60255b31b7e07911c6bc019b","Rcvd LE Meta (LE Extended Advertising Report)"
"12856","120.894000","controller","host","HCI_EVT","59","","Apple_e5:84:66","071901242075aab7110004e9fbad25dee2a8c3b023679fc54ad498","Rcvd LE Meta (LE Extended Advertising Report)"
"12874","121.146000","controller","host","HCI_EVT","59","","Apple_e5:84:66","071901242015aab73100046a8b711e60255b31b7e07911c6bc019b","Rcvd LE Meta (LE Extended Advertising Report)"
"12951","122.374000","controller","host","HCI_EVT","59","","Apple_e5:84:66","071901242075aab7110004e9fbad25dee2a8c3b023679fc54ad498","Rcvd LE Meta (LE Extended Advertising Report)"
"13008","123.578000","controller","host","HCI_EVT","59","","Apple_e5:84:66","071901242015aab73100046a8b711e60255b31b7e07911c6bc019b","Rcvd LE Meta (LE Extended Advertising Report)"
"13102","125.361000","controller","host","HCI_EVT","59","","Apple_e5:84:66","071901242075aab7110004e9fbad25dee2a8c3b023679fc54ad498","Rcvd LE Meta (LE Extended Advertising Report)"
"13141","125.996000","controller","host","HCI_EVT","59","","Apple_e5:84:66","071901242015aab73100046a8b711e60255b31b7e07911c6bc019b","Rcvd LE Meta (LE Extended Advertising Report)"
"13169","126.555000","controller","host","HCI_EVT","59","","Apple_e5:84:66","071901242015aab73100046a8b711e60255b31b7e07911c6bc019b","Rcvd LE Meta (LE Extended Advertising Report)"
"13187","126.865000","controller","host","HCI_EVT","59","","Apple_e5:84:66","071901242075aab7110004e9fbad25dee2a8c3b023679fc54ad498","Rcvd LE Meta (LE Extended Advertising Report)"
"13230","127.493000","controller","host","HCI_EVT","59","","Apple_e5:84:66","071901242015aab73100046a8b711e60255b31b7e07911c6bc019b","Rcvd LE Meta (LE Extended Advertising Report)"
"13249","128.052000","controller","host","HCI_EVT","59","","Apple_e5:84:66","071901242015aab73100046a8b711e60255b31b7e07911c6bc019b","Rcvd LE Meta (LE Extended Advertising Report)"
"13334","129.287000","controller","host","HCI_EVT","59","","Apple_e5:84:66","071901242075aab7110004e9fbad25dee2a8c3b023679fc54ad498","Rcvd LE Meta (LE Extended Advertising Report)"
"13340","129.540000","controller","host","HCI_EVT","59","","Apple_e5:84:66","071901242015aab73100046a8b711e60255b31b7e07911c6bc019b","Rcvd LE Meta (LE Extended Advertising Report)"
"13407","130.462000","controller","host","HCI_EVT","59","","Apple_e5:84:66","071901242015aab73100046a8b711e60255b31b7e07911c6bc019b","Rcvd LE Meta (LE Extended Advertising Report)"
"13596","133.189000","controller","host","HCI_EVT","59","","Apple_e5:84:66","071901242075aab7110004e9fbad25dee2a8c3b023679fc54ad498","Rcvd LE Meta (LE Extended Advertising Report)"
"13622","133.760000","controller","host","HCI_EVT","59","","Apple_e5:84:66","071901242075aab7110004e9fbad25dee2a8c3b023679fc54ad498","Rcvd LE Meta (LE Extended Advertising Report)"
"13682","134.384000","controller","host","HCI_EVT","59","","Apple_e5:84:66","071901242015aab73100046a8b711e60255b31b7e07911c6bc019b","Rcvd LE Meta (LE Extended Advertising Report)"
"13869","137.366000","controller","host","HCI_EVT","59","","Apple_e5:84:66","071901242015aab73100046a8b711e60255b31b7e07911c6bc019b","Rcvd LE Meta (LE Extended Advertising Report)"
"13882","137.663000","controller","host","HCI_EVT","59","","Apple_e5:84:66","071901242075aab7110004e9fbad25dee2a8c3b023679fc54ad498","Rcvd LE Meta (LE Extended Advertising Report)"
"13970","139.151000","controller","host","HCI_EVT","59","","Apple_e5:84:66","071901242075aab7110004e9fbad25dee2a8c3b023679fc54ad498","Rcvd LE Meta (LE Extended Advertising Report)"
"14055","140.660000","controller","host","HCI_EVT","59","","Apple_e5:84:66","071901242075aab7110004e9fbad25dee2a8c3b023679fc54ad498","Rcvd LE Meta (LE Extended Advertising Report)"
"14186","143.073000","controller","host","HCI_EVT","59","","Apple_e5:84:66","071901242075aab7110004e9fbad25dee2a8c3b023679fc54ad498","Rcvd LE Meta (LE Extended Advertising Report)"
"14321","145.180000","controller","host","HCI_EVT","59","","Apple_e5:84:66","071901242015aab73100046a8b711e60255b31b7e07911c6bc019b","Rcvd LE Meta (LE Extended Advertising Report)"
"14368","146.058000","controller","host","HCI_EVT","59","","Apple_e5:84:66","071901242075aab7110004e9fbad25dee2a8c3b023679fc54ad498","Rcvd LE Meta (LE Extended Advertising Report)"
"14419","146.682000","controller","host","HCI_EVT","59","","Apple_e5:84:66","071901242015aab73100046a8b711e60255b31b7e07911c6bc019b","Rcvd LE Meta (LE Extended Advertising Report)"
"14439","146.999000","controller","host","HCI_EVT","59","","Apple_e5:84:66","071901242075aab7110004e9fbad25dee2a8c3b023679fc54ad498","Rcvd LE Meta (LE Extended Advertising Report)"
"14441","147.240000","controller","host","HCI_EVT","59","","Apple_e5:84:66","071901242015aab73100046a8b711e60255b31b7e07911c6bc019b","Rcvd LE Meta (LE Extended Advertising Report)"
"14710","151.152000","controller","host","HCI_EVT","59","","Apple_e5:84:66","071901242015aab73100046a8b711e60255b31b7e07911c6bc019b","Rcvd LE Meta (LE Extended Advertising Report)"
"14913","153.868000","controller","host","HCI_EVT","59","","Apple_e5:84:66","071901242075aab7110004e9fbad25dee2a8c3b023679fc54ad498","Rcvd LE Meta (LE Extended Advertising Report)"
"14992","155.067000","controller","host","HCI_EVT","59","","Apple_e5:84:66","071901242015aab73100046a8b711e60255b31b7e07911c6bc019b","Rcvd LE Meta (LE Extended Advertising Report)"
"15217","158.374000","controller","host","HCI_EVT","59","","Apple_e5:84:66","071901242075aab7110004e9fbad25dee2a8c3b023679fc54ad498","Rcvd LE Meta (LE Extended Advertising Report)"
"15356","160.461000","controller","host","HCI_EVT","59","","Apple_e5:84:66","071901242015aab73100046a8b711e60255b31b7e07911c6bc019b","Rcvd LE Meta (LE Extended Advertising Report)"
"15503","162.847000","controller","host","HCI_EVT","59","","Apple_e5:84:66","071901242075aab7110004e9fbad25dee2a8c3b023679fc54ad498","Rcvd LE Meta (LE Extended Advertising Report)"
"15557","163.261000","controller","host","HCI_EVT","59","","Apple_e5:84:66","071901242015aab73100046a8b711e60255b31b7e07911c6bc019b","Rcvd LE Meta (LE Extended Advertising Report)"
"15742","165.678000","controller","host","HCI_EVT","59","","Apple_e5:84:66","071901242015aab73100046a8b711e60255b31b7e07911c6bc019b","Rcvd LE Meta (LE Extended Advertising Report)"
"15815","166.580000","controller","host","HCI_EVT","59","","Apple_e5:84:66","071901242075aab7110004e9fbad25dee2a8c3b023679fc54ad498","Rcvd LE Meta (LE Extended Advertising Report)"
"15850","167.137000","controller","host","HCI_EVT","59","","Apple_e5:84:66","071901242075aab7110004e9fbad25dee2a8c3b023679fc54ad498","Rcvd LE Meta (LE Extended Advertising Report)"
"16202","171.057000","controller","host","HCI_EVT","59","","Apple_e5:84:66","071901242015aab73100046a8b711e60255b31b7e07911c6bc019b","Rcvd LE Meta (LE Extended Advertising Report)"
"16428","174.043000","controller","host","HCI_EVT","59","","Apple_e5:84:66","071901242075aab7110004e9fbad25dee2a8c3b023679fc54ad498","Rcvd LE Meta (LE Extended Advertising Report)"
"16667","177.023000","controller","host","HCI_EVT","59","","Apple_e5:84:66","071901242015aab73100046a8b711e60255b31b7e07911c6bc019b","Rcvd LE Meta (LE Extended Advertising Report)"
"16741","177.956000","controller","host","HCI_EVT","59","","Apple_e5:84:66","071901242075aab7110004e9fbad25dee2a8c3b023679fc54ad498","Rcvd LE Meta (LE Extended Advertising Report)"
"16829","178.878000","controller","host","HCI_EVT","59","","Apple_e5:84:66","071901242015aab73100046a8b711e60255b31b7e07911c6bc019b","Rcvd LE Meta (LE Extended Advertising Report)"
"16893","179.435000","controller","host","HCI_EVT","59","","Apple_e5:84:66","071901242015aab73100046a8b711e60255b31b7e07911c6bc019b","Rcvd LE Meta (LE Extended Advertising Report)"
"16899","179.449000","controller","host","HCI_EVT","59","","Apple_e5:84:66","071901242075aab7110004e9fbad25dee2a8c3b023679fc54ad498","Rcvd LE Meta (LE Extended Advertising Report)"
"16944","179.806000","controller","host","HCI_EVT","59","","Apple_e5:84:66","071901242015aab73100046a8b711e60255b31b7e07911c6bc019b","Rcvd LE Meta (LE Extended Advertising Report)"
"16985","180.376000","controller","host","HCI_EVT","59","","Apple_e5:84:66","071901242015aab73100046a8b711e60255b31b7e07911c6bc019b","Rcvd LE Meta (LE Extended Advertising Report)"
"16986","180.376000","controller","host","HCI_EVT","59","","Apple_e5:84:66","071901242015aab73100046a8b711e60255b31b7e07911c6bc019b","Rcvd LE Meta (LE Extended Advertising Report)"
"16987","180.376000","controller","host","HCI_EVT","59","","Apple_e5:84:66","071901242075aab7110004e9fbad25dee2a8c3b023679fc54ad498","Rcvd LE Meta (LE Extended Advertising Report)"
"17150","182.421000","controller","host","HCI_EVT","59","","Apple_e5:84:66","071901242075aab7110004e9fbad25dee2a8c3b023679fc54ad498","Rcvd LE Meta (LE Extended Advertising Report)"
"17190","182.784000","controller","host","HCI_EVT","59","","Apple_e5:84:66","071901242015aab73100046a8b711e60255b31b7e07911c6bc019b","Rcvd LE Meta (LE Extended Advertising Report)"
"17215","183.334000","controller","host","HCI_EVT","59","","Apple_e5:84:66","071901242015aab73100046a8b711e60255b31b7e07911c6bc019b","Rcvd LE Meta (LE Extended Advertising Report)"
"17305","184.267000","controller","host","HCI_EVT","59","","Apple_e5:84:66","071901242015aab73100046a8b711e60255b31b7e07911c6bc019b","Rcvd LE Meta (LE Extended Advertising Report)"
"17414","185.767000","controller","host","HCI_EVT","59","","Apple_e5:84:66","071901242015aab73100046a8b711e60255b31b7e07911c6bc019b","Rcvd LE Meta (LE Extended Advertising Report)"
"17439","186.322000","controller","host","HCI_EVT","59","","Apple_e5:84:66","071901242015aab73100046a8b711e60255b31b7e07911c6bc019b","Rcvd LE Meta (LE Extended Advertising Report)"
"17440","186.330000","controller","host","HCI_EVT","59","","Apple_e5:84:66","071901242075aab7110004e9fbad25dee2a8c3b023679fc54ad498","Rcvd LE Meta (LE Extended Advertising Report)"
"17518","187.248000","controller","host","HCI_EVT","59","","Apple_e5:84:66","071901242075aab7110004e9fbad25dee2a8c3b023679fc54ad498","Rcvd LE Meta (LE Extended Advertising Report)"
"17541","187.809000","controller","host","HCI_EVT","59","","Apple_e5:84:66","071901242075aab7110004e9fbad25dee2a8c3b023679fc54ad498","Rcvd LE Meta (LE Extended Advertising Report)"
"17618","188.747000","controller","host","HCI_EVT","59","","Apple_e5:84:66","071901242075aab7110004e9fbad25dee2a8c3b023679fc54ad498","Rcvd LE Meta (LE Extended Advertising Report)"
"17716","189.672000","controller","host","HCI_EVT","59","","Apple_e5:84:66","071901242015aab73100046a8b711e60255b31b7e07911c6bc019b","Rcvd LE Meta (LE Extended Advertising Report)"
"17757","190.239000","controller","host","HCI_EVT","59","","Apple_e5:84:66","071901242015aab73100046a8b711e60255b31b7e07911c6bc019b","Rcvd LE Meta (LE Extended Advertising Report)"
"17803","191.171000","controller","host","HCI_EVT","59","","Apple_e5:84:66","071901242015aab73100046a8b711e60255b31b7e07911c6bc019b","Rcvd LE Meta (LE Extended Advertising Report)"
"17986","193.568000","controller","host","HCI_EVT","59","","Apple_e5:84:66","071901242075aab7110004e9fbad25dee2a8c3b023679fc54ad498","Rcvd LE Meta (LE Extended Advertising Report)"
"18035","194.138000","controller","host","HCI_EVT","59","","Apple_e5:84:66","071901242015aab73100046a8b711e60255b31b7e07911c6bc019b","Rcvd LE Meta (LE Extended Advertising Report)"
"18095","195.048000","controller","host","HCI_EVT","59","","Apple_e5:84:66","071901242075aab7110004e9fbad25dee2a8c3b023679fc54ad498","Rcvd LE Meta (LE Extended Advertising Report)"
"18136","195.645000","controller","host","HCI_EVT","59","","Apple_e5:84:66","071901242015aab73100046a8b711e60255b31b7e07911c6bc019b","Rcvd LE Meta (LE Extended Advertising Report)"
"18161","195.969000","controller","host","HCI_EVT","59","","Apple_e5:84:66","071901242075aab7110004e9fbad25dee2a8c3b023679fc54ad498","Rcvd LE Meta (LE Extended Advertising Report)"
"18190","196.531000","controller","host","HCI_EVT","59","","Apple_e5:84:66","071901242075aab7110004e9fbad25dee2a8c3b023679fc54ad498","Rcvd LE Meta (LE Extended Advertising Report)"
"18198","196.567000","controller","host","HCI_EVT","59","","Apple_e5:84:66","071901242015aab73100046a8b711e60255b31b7e07911c6bc019b","Rcvd LE Meta (LE Extended Advertising Report)"
"18247","197.457000","controller","host","HCI_EVT","59","","Apple_e5:84:66","071901242075aab7110004e9fbad25dee2a8c3b023679fc54ad498","Rcvd LE Meta (LE Extended Advertising Report)"
"18300","198.048000","controller","host","HCI_EVT","59","","Apple_e5:84:66","071901242015aab73100046a8b711e60255b31b7e07911c6bc019b","Rcvd LE Meta (LE Extended Advertising Report)"
"18396","199.544000","controller","host","HCI_EVT","59","","Apple_e5:84:66","071901242015aab73100046a8b711e60255b31b7e07911c6bc019b","Rcvd LE Meta (LE Extended Advertising Report)"
"18483","201.041000","controller","host","HCI_EVT","59","","Apple_e5:84:66","071901242015aab73100046a8b711e60255b31b7e07911c6bc019b","Rcvd LE Meta (LE Extended Advertising Report)"
"18788","204.935000","controller","host","HCI_EVT","59","","Apple_e5:84:66","071901242015aab73100046a8b711e60255b31b7e07911c6bc019b","Rcvd LE Meta (LE Extended Advertising Report)"
"18790","204.942000","controller","host","HCI_EVT","59","","Apple_e5:84:66","071901242075aab7110004e9fbad25dee2a8c3b023679fc54ad498","Rcvd LE Meta (LE Extended Advertising Report)"
"18866","205.868000","controller","host","HCI_EVT","59","","Apple_e5:84:66","071901242015aab73100046a8b711e60255b31b7e07911c6bc019b","Rcvd LE Meta (LE Extended Advertising Report)"
"18868","205.871000","controller","host","HCI_EVT","59","","Apple_e5:84:66","071901242075aab7110004e9fbad25dee2a8c3b023679fc54ad498","Rcvd LE Meta (LE Extended Advertising Report)"
"18897","206.438000","controller","host","HCI_EVT","59","","Apple_e5:84:66","071901242075aab7110004e9fbad25dee2a8c3b023679fc54ad498","Rcvd LE Meta (LE Extended Advertising Report)"
"18965","207.368000","controller","host","HCI_EVT","59","","Apple_e5:84:66","071901242015aab73100046a8b711e60255b31b7e07911c6bc019b","Rcvd LE Meta (LE Extended Advertising Report)"
"18993","207.918000","controller","host","HCI_EVT","59","","Apple_e5:84:66","071901242015aab73100046a8b711e60255b31b7e07911c6bc019b","Rcvd LE Meta (LE Extended Advertising Report)"
"18998","207.935000","controller","host","HCI_EVT","59","","Apple_e5:84:66","071901242075aab7110004e9fbad25dee2a8c3b023679fc54ad498","Rcvd LE Meta (LE Extended Advertising Report)"
"19097","209.415000","controller","host","HCI_EVT","59","","Apple_e5:84:66","071901242015aab73100046a8b711e60255b31b7e07911c6bc019b","Rcvd LE Meta (LE Extended Advertising Report)"
"19101","209.427000","controller","host","HCI_EVT","59","","Apple_e5:84:66","071901242075aab7110004e9fbad25dee2a8c3b023679fc54ad498","Rcvd LE Meta (LE Extended Advertising Report)"
"19217","210.352000","controller","host","HCI_EVT","59","","Apple_e5:84:66","071901242075aab7110004e9fbad25dee2a8c3b023679fc54ad498","Rcvd LE Meta (LE Extended Advertising Report)"
"19270","210.918000","controller","host","HCI_EVT","59","","Apple_e5:84:66","071901242075aab7110004e9fbad25dee2a8c3b023679fc54ad498","Rcvd LE Meta (LE Extended Advertising Report)"
"19312","211.267000","controller","host","HCI_EVT","59","","Apple_e5:84:66","071901242015aab73100046a8b711e60255b31b7e07911c6bc019b","Rcvd LE Meta (LE Extended Advertising Report)"
"19510","213.348000","controller","host","HCI_EVT","59","","Apple_e5:84:66","071901242075aab7110004e9fbad25dee2a8c3b023679fc54ad498","Rcvd LE Meta (LE Extended Advertising Report)"
"19558","214.241000","controller","host","HCI_EVT","59","","Apple_e5:84:66","071901242015aab73100046a8b711e60255b31b7e07911c6bc019b","Rcvd LE Meta (LE Extended Advertising Report)"
"19665","215.176000","controller","host","HCI_EVT","59","","Apple_e5:84:66","071901242015aab73100046a8b711e60255b31b7e07911c6bc019b","Rcvd LE Meta (LE Extended Advertising Report)"
"19711","215.773000","controller","host","HCI_EVT","59","","Apple_e5:84:66","071901242075aab7110004e9fbad25dee2a8c3b023679fc54ad498","Rcvd LE Meta (LE Extended Advertising Report)"
"19736","216.328000","controller","host","HCI_EVT","59","","Apple_e5:84:66","071901242075aab7110004e9fbad25dee2a8c3b023679fc54ad498","Rcvd LE Meta (LE Extended Advertising Report)"
"19801","217.225000","controller","host","HCI_EVT","59","","Apple_e5:84:66","071901242015aab73100046a8b711e60255b31b7e07911c6bc019b","Rcvd LE Meta (LE Extended Advertising Report)"
"20071","220.573000","controller","host","HCI_EVT","59","","Apple_e5:84:66","071901242015aab73100046a8b711e60255b31b7e07911c6bc019b","Rcvd LE Meta (LE Extended Advertising Report)"
"20143","221.740000","controller","host","HCI_EVT","59","","Apple_e5:84:66","071901242075aab7110004e9fbad25dee2a8c3b023679fc54ad498","Rcvd LE Meta (LE Extended Advertising Report)"
"20193","222.046000","controller","host","HCI_EVT","59","","Apple_e5:84:66","071901242015aab73100046a8b711e60255b31b7e07911c6bc019b","Rcvd LE Meta (LE Extended Advertising Report)"
"20243","222.669000","controller","host","HCI_EVT","59","","Apple_e5:84:66","071901242075aab7110004e9fbad25dee2a8c3b023679fc54ad498","Rcvd LE Meta (LE Extended Advertising Report)"
"20294","223.543000","controller","host","HCI_EVT","59","","Apple_e5:84:66","071901242015aab73100046a8b711e60255b31b7e07911c6bc019b","Rcvd LE Meta (LE Extended Advertising Report)"
"20344","224.170000","controller","host","HCI_EVT","59","","Apple_e5:84:66","071901242075aab7110004e9fbad25dee2a8c3b023679fc54ad498","Rcvd LE Meta (LE Extended Advertising Report)"
"20368","224.470000","controller","host","HCI_EVT","59","","Apple_e5:84:66","071901242015aab73100046a8b711e60255b31b7e07911c6bc019b","Rcvd LE Meta (LE Extended Advertising Report)"
"20520","226.222000","controller","host","HCI_EVT","59","","Apple_e5:84:66","071901242075aab7110004e9fbad25dee2a8c3b023679fc54ad498","Rcvd LE Meta (LE Extended Advertising Report)"
"20601","227.446000","controller","host","HCI_EVT","59","","Apple_e5:84:66","071901242015aab73100046a8b711e60255b31b7e07911c6bc019b","Rcvd LE Meta (LE Extended Advertising Report)"
"20674","228.367000","controller","host","HCI_EVT","59","","Apple_e5:84:66","071901242015aab73100046a8b711e60255b31b7e07911c6bc019b","Rcvd LE Meta (LE Extended Advertising Report)"
"20685","228.620000","controller","host","HCI_EVT","59","","Apple_e5:84:66","071901242075aab7110004e9fbad25dee2a8c3b023679fc54ad498","Rcvd LE Meta (LE Extended Advertising Report)"
"20715","228.928000","controller","host","HCI_EVT","59","","Apple_e5:84:66","071901242015aab73100046a8b711e60255b31b7e07911c6bc019b","Rcvd LE Meta (LE Extended Advertising Report)"
"20799","229.863000","controller","host","HCI_EVT","59","","Apple_e5:84:66","071901242015aab73100046a8b711e60255b31b7e07911c6bc019b","Rcvd LE Meta (LE Extended Advertising Report)"
"20836","230.421000","controller","host","HCI_EVT","59","","Apple_e5:84:66","071901242015aab73100046a8b711e60255b31b7e07911c6bc019b","Rcvd LE Meta (LE Extended Advertising Report)"
"20882","231.035000","controller","host","HCI_EVT","59","","Apple_e5:84:66","071901242075aab7110004e9fbad25dee2a8c3b023679fc54ad498","Rcvd LE Meta (LE Extended Advertising Report)"
"20911","231.361000","controller","host","HCI_EVT","59","","Apple_e5:84:66","071901242015aab73100046a8b711e60255b31b7e07911c6bc019b","Rcvd LE Meta (LE Extended Advertising Report)"
"20990","232.521000","controller","host","HCI_EVT","59","","Apple_e5:84:66","071901242075aab7110004e9fbad25dee2a8c3b023679fc54ad498","Rcvd LE Meta (LE Extended Advertising Report)"
"21055","233.409000","controller","host","HCI_EVT","59","","Apple_e5:84:66","071901242015aab73100046a8b711e60255b31b7e07911c6bc019b","Rcvd LE Meta (LE Extended Advertising Report)"
"21130","234.332000","controller","host","HCI_EVT","59","","Apple_e5:84:66","071901242015aab73100046a8b711e60255b31b7e07911c6bc019b","Rcvd LE Meta (LE Extended Advertising Report)"
"21383","237.319000","controller","host","HCI_EVT","59","","Apple_e5:84:66","071901242015aab73100046a8b711e60255b31b7e07911c6bc019b","Rcvd LE Meta (LE Extended Advertising Report)"
"21453","238.242000","controller","host","HCI_EVT","59","","Apple_e5:84:66","071901242015aab73100046a8b711e60255b31b7e07911c6bc019b","Rcvd LE Meta (LE Extended Advertising Report)"
"21577","239.402000","controller","host","HCI_EVT","59","","Apple_e5:84:66","071901242075aab7110004e9fbad25dee2a8c3b023679fc54ad498","Rcvd LE Meta (LE Extended Advertising Report)"
"21673","240.340000","controller","host","HCI_EVT","59","","Apple_e5:84:66","071901242075aab7110004e9fbad25dee2a8c3b023679fc54ad498","Rcvd LE Meta (LE Extended Advertising Report)"
"21739","241.265000","controller","host","HCI_EVT","59","","Apple_e5:84:66","071901242075aab7110004e9fbad25dee2a8c3b023679fc54ad498","Rcvd LE Meta (LE Extended Advertising Report)"
"21764","241.813000","controller","host","HCI_EVT","59","","Apple_e5:84:66","071901242075aab7110004e9fbad25dee2a8c3b023679fc54ad498","Rcvd LE Meta (LE Extended Advertising Report)"
"21831","242.703000","controller","host","HCI_EVT","59","","Apple_e5:84:66","071901242015aab73100046a8b711e60255b31b7e07911c6bc019b","Rcvd LE Meta (LE Extended Advertising Report)"
"21898","243.631000","controller","host","HCI_EVT","59","","Apple_e5:84:66","071901242015aab73100046a8b711e60255b31b7e07911c6bc019b","Rcvd LE Meta (LE Extended Advertising Report)"
"21953","244.565000","controller","host","HCI_EVT","59","","Apple_e5:84:66","071901242015aab73100046a8b711e60255b31b7e07911c6bc019b","Rcvd LE Meta (LE Extended Advertising Report)"
"22009","245.150000","controller","host","HCI_EVT","59","","Apple_e5:84:66","071901242075aab7110004e9fbad25dee2a8c3b023679fc54ad498","Rcvd LE Meta (LE Extended Advertising Report)"
"22065","245.679000","controller","host","HCI_EVT","59","","Apple_e5:84:66","071901242015aab73100046a8b711e60255b31b7e07911c6bc019b","Rcvd LE Meta (LE Extended Advertising Report)"
"22159","247.169000","controller","host","HCI_EVT","59","","Apple_e5:84:66","071901242015aab73100046a8b711e60255b31b7e07911c6bc019b","Rcvd LE Meta (LE Extended Advertising Report)"
"22169","247.193000","controller","host","HCI_EVT","59","","Apple_e5:84:66","071901242075aab7110004e9fbad25dee2a8c3b023679fc54ad498","Rcvd LE Meta (LE Extended Advertising Report)"
"22305","248.662000","controller","host","HCI_EVT","59","","Apple_e5:84:66","071901242015aab73100046a8b711e60255b31b7e07911c6bc019b","Rcvd LE Meta (LE Extended Advertising Report)"
"22614","253.171000","controller","host","HCI_EVT","59","","Apple_e5:84:66","071901242075aab7110004e9fbad25dee2a8c3b023679fc54ad498","Rcvd LE Meta (LE Extended Advertising Report)"
"22850","256.480000","controller","host","HCI_EVT","59","","Apple_e5:84:66","071901242015aab73100046a8b711e60255b31b7e07911c6bc019b","Rcvd LE Meta (LE Extended Advertising Report)"
"22897","257.076000","controller","host","HCI_EVT","59","","Apple_e5:84:66","071901242075aab7110004e9fbad25dee2a8c3b023679fc54ad498","Rcvd LE Meta (LE Extended Advertising Report)"
"22916","257.408000","controller","host","HCI_EVT","59","","Apple_e5:84:66","071901242015aab73100046a8b711e60255b31b7e07911c6bc019b","Rcvd LE Meta (LE Extended Advertising Report)"
"22990","258.564000","controller","host","HCI_EVT","59","","Apple_e5:84:66","071901242075aab7110004e9fbad25dee2a8c3b023679fc54ad498","Rcvd LE Meta (LE Extended Advertising Report)"
"23108","260.404000","controller","host","HCI_EVT","59","","Apple_e5:84:66","071901242015aab73100046a8b711e60255b31b7e07911c6bc019b","Rcvd LE Meta (LE Extended Advertising Report)"
"23174","260.965000","controller","host","HCI_EVT","59","","Apple_e5:84:66","071901242015aab73100046a8b711e60255b31b7e07911c6bc019b","Rcvd LE Meta (LE Extended Advertising Report)"
"23182","260.987000","controller","host","HCI_EVT","59","","Apple_e5:84:66","071901242075aab7110004e9fbad25dee2a8c3b023679fc54ad498","Rcvd LE Meta (LE Extended Advertising Report)"
"23216","261.550000","controller","host","HCI_EVT","59","","Apple_e5:84:66","071901242075aab7110004e9fbad25dee2a8c3b023679fc54ad498","Rcvd LE Meta (LE Extended Advertising Report)"
"23272","262.447000","controller","host","HCI_EVT","59","","Apple_e5:84:66","071901242015aab73100046a8b711e60255b31b7e07911c6bc019b","Rcvd LE Meta (LE Extended Advertising Report)"
"23281","262.479000","controller","host","HCI_EVT","59","","Apple_e5:84:66","071901242075aab7110004e9fbad25dee2a8c3b023679fc54ad498","Rcvd LE Meta (LE Extended Advertising Report)"
"23343","263.374000","controller","host","HCI_EVT","59","","Apple_e5:84:66","071901242015aab73100046a8b711e60255b31b7e07911c6bc019b","Rcvd LE Meta (LE Extended Advertising Report)"
"23350","263.403000","controller","host","HCI_EVT","59","","Apple_e5:84:66","071901242075aab7110004e9fbad25dee2a8c3b023679fc54ad498","Rcvd LE Meta (LE Extended Advertising Report)"
"23408","264.304000","controller","host","HCI_EVT","59","","Apple_e5:84:66","071901242015aab73100046a8b711e60255b31b7e07911c6bc019b","Rcvd LE Meta (LE Extended Advertising Report)"
"23454","264.870000","controller","host","HCI_EVT","59","","Apple_e5:84:66","071901242015aab73100046a8b711e60255b31b7e07911c6bc019b","Rcvd LE Meta (LE Extended Advertising Report)"
"23656","267.860000","controller","host","HCI_EVT","59","","Apple_e5:84:66","071901242015aab73100046a8b711e60255b31b7e07911c6bc019b","Rcvd LE Meta (LE Extended Advertising Report)"
"23657","267.890000","controller","host","HCI_EVT","59","","Apple_e5:84:66","071901242075aab7110004e9fbad25dee2a8c3b023679fc54ad498","Rcvd LE Meta (LE Extended Advertising Report)"
"23828","270.290000","controller","host","HCI_EVT","59","","Apple_e5:84:66","071901242015aab73100046a8b711e60255b31b7e07911c6bc019b","Rcvd LE Meta (LE Extended Advertising Report)"
"23865","270.850000","controller","host","HCI_EVT","59","","Apple_e5:84:66","071901242015aab73100046a8b711e60255b31b7e07911c6bc019b","Rcvd LE Meta (LE Extended Advertising Report)"
"23974","272.368000","controller","host","HCI_EVT","59","","Apple_e5:84:66","071901242075aab7110004e9fbad25dee2a8c3b023679fc54ad498","Rcvd LE Meta (LE Extended Advertising Report)"
"24006","272.695000","controller","host","HCI_EVT","59","","Apple_e5:84:66","071901242015aab73100046a8b711e60255b31b7e07911c6bc019b","Rcvd LE Meta (LE Extended Advertising Report)"
"24047","273.292000","controller","host","HCI_EVT","59","","Apple_e5:84:66","071901242075aab7110004e9fbad25dee2a8c3b023679fc54ad498","Rcvd LE Meta (LE Extended Advertising Report)"
"24137","274.732000","controller","host","HCI_EVT","59","","Apple_e5:84:66","071901242015aab73100046a8b711e60255b31b7e07911c6bc019b","Rcvd LE Meta (LE Extended Advertising Report)"
"24316","277.192000","controller","host","HCI_EVT","59","","Apple_e5:84:66","071901242075aab7110004e9fbad25dee2a8c3b023679fc54ad498","Rcvd LE Meta (LE Extended Advertising Report)"
"24336","277.732000","controller","host","HCI_EVT","59","","Apple_e5:84:66","071901242015aab73100046a8b711e60255b31b7e07911c6bc019b","Rcvd LE Meta (LE Extended Advertising Report)"
"24416","278.654000","controller","host","HCI_EVT","59","","Apple_e5:84:66","071901242015aab73100046a8b711e60255b31b7e07911c6bc019b","Rcvd LE Meta (LE Extended Advertising Report)"
"24482","279.592000","controller","host","HCI_EVT","59","","Apple_e5:84:66","071901242015aab73100046a8b711e60255b31b7e07911c6bc019b","Rcvd LE Meta (LE Extended Advertising Report)"
"24573","281.091000","controller","host","HCI_EVT","59","","Apple_e5:84:66","071901242075aab7110004e9fbad25dee2a8c3b023679fc54ad498","Rcvd LE Meta (LE Extended Advertising Report)"
"24601","281.656000","controller","host","HCI_EVT","59","","Apple_e5:84:66","071901242075aab7110004e9fbad25dee2a8c3b023679fc54ad498","Rcvd LE Meta (LE Extended Advertising Report)"
"24771","284.070000","controller","host","HCI_EVT","59","","Apple_e5:84:66","071901242015aab73100046a8b711e60255b31b7e07911c6bc019b","Rcvd LE Meta (LE Extended Advertising Report)"
"24777","284.083000","controller","host","HCI_EVT","59","","Apple_e5:84:66","071901242075aab7110004e9fbad25dee2a8c3b023679fc54ad498","Rcvd LE Meta (LE Extended Advertising Report)"
"24890","284.992000","controller","host","HCI_EVT","59","","Apple_e5:84:66","071901242015aab73100046a8b711e60255b31b7e07911c6bc019b","Rcvd LE Meta (LE Extended Advertising Report)"
"24891","284.993000","controller","host","HCI_EVT","59","","Apple_e5:84:66","071901242015aab73100046a8b711e60255b31b7e07911c6bc019b","Rcvd LE Meta (LE Extended Advertising Report)"
"25121","287.977000","controller","host","HCI_EVT","59","","Apple_e5:84:66","071901242015aab73100046a8b711e60255b31b7e07911c6bc019b","Rcvd LE Meta (LE Extended Advertising Report)"
"25122","287.977000","controller","host","HCI_EVT","59","","Apple_e5:84:66","071901242015aab73100046a8b711e60255b31b7e07911c6bc019b","Rcvd LE Meta (LE Extended Advertising Report)"
"25126","287.983000","controller","host","HCI_EVT","59","","Apple_e5:84:66","071901242075aab7110004e9fbad25dee2a8c3b023679fc54ad498","Rcvd LE Meta (LE Extended Advertising Report)"
"25127","287.983000","controller","host","HCI_EVT","59","","Apple_e5:84:66","071901242075aab7110004e9fbad25dee2a8c3b023679fc54ad498","Rcvd LE Meta (LE Extended Advertising Report)"
"25239","289.477000","controller","host","HCI_EVT","59","","Apple_e5:84:66","071901242015aab73100046a8b711e60255b31b7e07911c6bc019b","Rcvd LE Meta (LE Extended Advertising Report)"
"25452","293.015000","controller","host","HCI_EVT","59","","Apple_e5:84:66","071901242015aab73100046a8b711e60255b31b7e07911c6bc019b","Rcvd LE Meta (LE Extended Advertising Report)"
"25495","293.376000","controller","host","HCI_EVT","59","","Apple_e5:84:66","071901242075aab7110004e9fbad25dee2a8c3b023679fc54ad498","Rcvd LE Meta (LE Extended Advertising Report)"
"25525","293.935000","controller","host","HCI_EVT","59","","Apple_e5:84:66","071901242015aab73100046a8b711e60255b31b7e07911c6bc019b","Rcvd LE Meta (LE Extended Advertising Report)"
"25622","295.424000","controller","host","HCI_EVT","59","","Apple_e5:84:66","071901242075aab7110004e9fbad25dee2a8c3b023679fc54ad498","Rcvd LE Meta (LE Extended Advertising Report)"
"25801","297.829000","controller","host","HCI_EVT","59","","Apple_e5:84:66","071901242075aab7110004e9fbad25dee2a8c3b023679fc54ad498","Rcvd LE Meta (LE Extended Advertising Report)"
"25876","298.754000","controller","host","HCI_EVT","59","","Apple_e5:84:66","071901242075aab7110004e9fbad25dee2a8c3b023679fc54ad498","Rcvd LE Meta (LE Extended Advertising Report)"
"25971","300.248000","controller","host","HCI_EVT","59","","Apple_e5:84:66","071901242015aab73100046a8b711e60255b31b7e07911c6bc019b","Rcvd LE Meta (LE Extended Advertising Report)"
"25998","300.820000","controller","host","HCI_EVT","59","","Apple_e5:84:66","071901242075aab7110004e9fbad25dee2a8c3b023679fc54ad498","Rcvd LE Meta (LE Extended Advertising Report)"
"26114","302.321000","controller","host","HCI_EVT","59","","Apple_e5:84:66","071901242075aab7110004e9fbad25dee2a8c3b023679fc54ad498","Rcvd LE Meta (LE Extended Advertising Report)"
"26145","302.682000","controller","host","HCI_EVT","59","","Apple_e5:84:66","071901242015aab73100046a8b711e60255b31b7e07911c6bc019b","Rcvd LE Meta (LE Extended Advertising Report)"
"26167","303.231000","controller","host","HCI_EVT","59","","Apple_e5:84:66","071901242015aab73100046a8b711e60255b31b7e07911c6bc019b","Rcvd LE Meta (LE Extended Advertising Report)"
"26250","304.177000","controller","host","HCI_EVT","59","","Apple_e5:84:66","071901242075aab7110004e9fbad25dee2a8c3b023679fc54ad498","Rcvd LE Meta (LE Extended Advertising Report)"
